60.000,9424.0000,0.47454,1
61.000,9312.0000,0.46890,1
62.000,9216.0000,0.46407,1
63.000,9232.0000,0.46488,1
64.000,9488.0000,0.47777,1
65.000,9472.0000,0.47696,1
66.000,9376.0000,0.47213,1
67.000,9216.0000,0.46407,1
68.000,9248.0000,0.46568,1
69.000,9520.0000,0.47938,1
70.000,9328.0000,0.46971,1
71.000,9392.0000,0.47293,1
# LED OFF
72.000,512.0000,0.02578,0
73.000,512.0000,0.02578,0
74.000,496.0000,0.02498,0
75.000,544.0000,0.02739,0
76.000,496.0000,0.02498,0
77.000,480.0000,0.02417,0
78.000,480.0000,0.02417,0
79.000,480.0000,0.02417,0
80.000,528.0000,0.02659,0
81.000,528.0000,0.02659,0
82.000,560.0000,0.02820,0
83.000,512.0000,0.02578,0
84.000,496.0000,0.02498,0
85.000,528.0000,0.02659,0
# LED ON
86.000,9248.0000,0.46568,1
87.000,9232.0000,0.46488,1
88.000,9184.0000,0.46246,1
89.000,9280.0000,0.46729,1
90.000,9376.0000,0.47213,1
91.000,9440.0000,0.47535,1
92.000,9280.0000,0.46729,1
93.000,9312.0000,0.46890,1
94.000,9296.0000,0.46810,1
95.000,9648.0000,0.48582,1
96.000,9360.0000,0.47132,1
97.000,9152.0000,0.46085,1
98.000,9648.0000,0.48582,1
99.000,9328.0000,0.46971,1
100.000,9264.0000,0.46649,1
101.000,9424.0000,0.47454,1
102.000,9264.0000,0.46649,1
103.000,9328.0000,0.46971,1
104.000,9296.0000,0.46810,1
105.000,9328.0000,0.46971,1
106.000,9344.0000,0.47051,1
107.000,9360.0000,0.47132,1
108.000,9264.0000,0.46649,1
109.000,9408.0000,0.47374,1
110.000,9552.0000,0.48099,1
111.000,9312.0000,0.46890,1
112.000,9392.0000,0.47293,1
113.000,9296.0000,0.46810,1
114.000,9296.0000,0.46810,1
115.000,9280.0000,0.46729,1
116.000,9408.0000,0.47374,1
117.000,9328.0000,0.46971,1
118.000,9168.0000,0.46165,1
119.000,9616.0000,0.48421,1
120.000,9392.0000,0.47293,1
121.000,9264.0000,0.46649,1
122.000,9408.0000,0.47374,1
123.000,9264.0000,0.46649,1
124.000,9488.0000,0.47777,1
125.000,9232.0000,0.46488,1
126.000,9328.0000,0.46971,1
127.000,9296.0000,0.46810,1
128.000,9280.0000,0.46729,1
129.000,9376.0000,0.47213,1
130.000,9600.0000,0.48341,1
131.000,9216.0000,0.46407,1
132.000,9408.0000,0.47374,1
133.000,9264.0000,0.46649,1
134.000,9632.0000,0.48502,1
135.000,9392.0000,0.47293,1
136.000,9264.0000,0.46649,1
137.000,9440.0000,0.47535,1
138.000,9184.0000,0.46246,1
139.000,9408.0000,0.47374,1
140.000,9392.0000,0.47293,1
141.000,9328.0000,0.46971,1
142.000,9168.0000,0.46165,1
143.000,9344.0000,0.47051,1
144.000,9392.0000,0.47293,1
145.000,9296.0000,0.46810,1
146.000,9312.0000,0.46890,1
147.000,9200.0000,0.46326,1
148.000,9152.0000,0.46085,1
149.000,9488.0000,0.47777,1
150.000,9520.0000,0.47938,1
151.000,9424.0000,0.47454,1
152.000,9424.0000,0.47454,1
153.000,9248.0000,0.46568,1
154.000,9344.0000,0.47051,1
155.000,9680.0000,0.48743,1
156.000,9104.0000,0.45843,1
157.000,9408.0000,0.47374,1
158.000,9184.0000,0.46246,1
159.000,9216.0000,0.46407,1
160.000,9552.0000,0.48099,1
161.000,9472.0000,0.47696,1
162.000,9664.0000,0.48663,1
163.000,9328.0000,0.46971,1
164.000,9312.0000,0.46890,1
165.000,9264.0000,0.46649,1
166.000,9296.0000,0.46810,1
167.000,9216.0000,0.46407,1
168.000,9376.0000,0.47213,1
169.000,9616.0000,0.48421,1
170.000,9360.0000,0.47132,1
171.000,9376.0000,0.47213,1
172.000,9392.0000,0.47293,1
173.000,9136.0000,0.46004,1
174.000,9184.0000,0.46246,1
175.000,9392.0000,0.47293,1
176.000,9168.0000,0.46165,1
177.000,9408.0000,0.47374,1
178.000,9408.0000,0.47374,1
179.000,9360.0000,0.47132,1
180.000,9104.0000,0.45843,1
181.000,9520.0000,0.47938,1
182.000,9328.0000,0.46971,1
183.000,9264.0000,0.46649,1
184.000,9232.0000,0.46488,1
185.000,9472.0000,0.47696,1
186.000,9648.0000,0.48582,1
187.000,9440.0000,0.47535,1
188.000,9440.0000,0.47535,1
189.000,9632.0000,0.48502,1
190.000,9152.0000,0.46085,1
191.000,9216.0000,0.46407,1
192.000,9584.0000,0.48260,1
193.000,9168.0000,0.46165,1
194.000,9472.0000,0.47696,1
195.000,9312.0000,0.46890,1
196.000,9360.0000,0.47132,1
197.000,9392.0000,0.47293,1
198.000,9600.0000,0.48341,1
199.000,9312.0000,0.46890,1
200.000,9392.0000,0.47293,1
201.000,9440.0000,0.47535,1
202.000,9280.0000,0.46729,1
203.000,9360.0000,0.47132,1
204.000,9328.0000,0.46971,1
205.000,9552.0000,0.48099,1
206.000,9344.0000,0.47051,1
207.000,9360.0000,0.47132,1
208.000,9328.0000,0.46971,1
209.000,9232.0000,0.46488,1
210.000,9376.0000,0.47213,1
211.000,9408.0000,0.47374,1
212.000,9280.0000,0.46729,1
213.000,9184.0000,0.46246,1
214.000,9392.0000,0.47293,1
215.000,9504.0000,0.47857,1
216.000,9568.0000,0.48179,1
217.000,9664.0000,0.48663,1
218.000,9328.0000,0.46971,1
219.000,9392.0000,0.47293,1
220.000,9264.0000,0.46649,1
221.000,9600.0000,0.48341,1
222.000,9472.0000,0.47696,1
223.000,9488.0000,0.47777,1
224.000,9280.0000,0.46729,1
225.000,9376.0000,0.47213,1
226.000,9472.0000,0.47696,1
227.000,9600.0000,0.48341,1
228.000,9328.0000,0.46971,1
229.000,9456.0000,0.47615,1
230.000,9264.0000,0.46649,1
231.000,9280.0000,0.46729,1
232.000,9344.0000,0.47051,1
233.000,9152.0000,0.46085,1
234.000,9168.0000,0.46165,1
235.000,9376.0000,0.47213,1
236.000,9344.0000,0.47051,1
237.000,9376.0000,0.47213,1
238.000,9360.0000,0.47132,1
239.000,9472.0000,0.47696,1
240.000,9248.0000,0.46568,1
241.000,9152.0000,0.46085,1
242.000,9504.0000,0.47857,1
243.000,9328.0000,0.46971,1
244.000,9120.0000,0.45924,1
245.000,9616.0000,0.48421,1
246.000,9264.0000,0.46649,1
247.000,9552.0000,0.48099,1
248.000,9696.0000,0.48824,1
249.000,9376.0000,0.47213,1
250.000,9328.0000,0.46971,1
251.000,9136.0000,0.46004,1
252.000,9152.0000,0.46085,1
253.000,9264.0000,0.46649,1
254.000,9376.0000,0.47213,1
255.000,9296.0000,0.46810,1
256.000,9168.0000,0.46165,1
257.000,9648.0000,0.48582,1
258.000,9312.0000,0.46890,1
259.000,9232.0000,0.46488,1
260.000,9456.0000,0.47615,1
261.000,9232.0000,0.46488,1
262.000,9344.0000,0.47051,1
263.000,9296.0000,0.46810,1
264.000,9648.0000,0.48582,1
265.000,9440.0000,0.47535,1
266.000,9264.0000,0.46649,1
267.000,9232.0000,0.46488,1
268.000,9376.0000,0.47213,1
269.000,9280.0000,0.46729,1
270.000,9312.0000,0.46890,1
271.000,9600.0000,0.48341,1
272.000,9696.0000,0.48824,1
273.000,9328.0000,0.46971,1
274.000,9152.0000,0.46085,1
275.000,9184.0000,0.46246,1
276.000,9424.0000,0.47454,1
277.000,9344.0000,0.47051,1
278.000,9376.0000,0.47213,1
279.000,9296.0000,0.46810,1
280.000,9296.0000,0.46810,1
281.000,9344.0000,0.47051,1
282.000,9600.0000,0.48341,1
283.000,9280.0000,0.46729,1
284.000,9168.0000,0.46165,1
285.000,9184.0000,0.46246,1
286.000,9456.0000,0.47615,1
287.000,9472.0000,0.47696,1
288.000,9264.0000,0.46649,1
289.000,9280.0000,0.46729,1
290.000,9104.0000,0.45843,1
291.000,9360.0000,0.47132,1
292.000,9472.0000,0.47696,1
293.000,9472.0000,0.47696,1
294.000,9264.0000,0.46649,1
295.000,9328.0000,0.46971,1
296.000,9344.0000,0.47051,1
297.000,9648.0000,0.48582,1
298.000,9360.0000,0.47132,1
299.000,9168.0000,0.46165,1
300.000,9392.0000,0.47293,1
301.000,9120.0000,0.45924,1
302.000,9504.0000,0.47857,1
303.000,9312.0000,0.46890,1
304.000,9456.0000,0.47615,1
305.000,9136.0000,0.46004,1
306.000,9376.0000,0.47213,1
307.000,9344.0000,0.47051,1
308.000,9376.0000,0.47213,1
309.000,9136.0000,0.46004,1
310.000,9312.0000,0.46890,1
311.000,9504.0000,0.47857,1
312.000,9632.0000,0.48502,1
313.000,9328.0000,0.46971,1
314.000,9472.0000,0.47696,1
315.000,9344.0000,0.47051,1
316.000,9296.0000,0.46810,1
317.000,9696.0000,0.48824,1
318.000,9120.0000,0.45924,1
319.000,9328.0000,0.46971,1
320.000,9488.0000,0.47777,1
321.000,9168.0000,0.46165,1
322.000,9616.0000,0.48421,1
323.000,9216.0000,0.46407,1
324.000,9776.0000,0.49227,1
325.000,9328.0000,0.46971,1
326.000,9392.0000,0.47293,1
327.000,9136.0000,0.46004,1
328.000,9360.0000,0.47132,1
329.000,9296.0000,0.46810,1
330.000,9184.0000,0.46246,1
331.000,9488.0000,0.47777,1
332.000,9536.0000,0.48018,1
333.000,9392.0000,0.47293,1
334.000,9424.0000,0.47454,1
335.000,9312.0000,0.46890,1
336.000,9504.0000,0.47857,1
337.000,9424.0000,0.47454,1
338.000,9536.0000,0.48018,1
339.000,9584.0000,0.48260,1
340.000,9136.0000,0.46004,1
341.000,9216.0000,0.46407,1
342.000,9360.0000,0.47132,1
343.000,9152.0000,0.46085,1
344.000,9264.0000,0.46649,1
345.000,9392.0000,0.47293,1
346.000,9232.0000,0.46488,1
347.000,9424.0000,0.47454,1
348.000,9632.0000,0.48502,1
# LED OFF
349.000,528.0000,0.02659,0
350.000,464.0000,0.02336,0
351.000,464.0000,0.02336,0
352.000,512.0000,0.02578,0
353.000,464.0000,0.02336,0
354.000,448.0000,0.02256,0
355.000,480.0000,0.02417,0
356.000,480.0000,0.02417,0
357.000,512.0000,0.02578,0
358.000,480.0000,0.02417,0
359.000,464.0000,0.02336,0
360.000,528.0000,0.02659,0
361.000,512.0000,0.02578,0
362.000,496.0000,0.02498,0
363.000,464.0000,0.02336,0
# LED ON
364.000,13584.0000,0.68402,1
365.000,13536.0000,0.68160,1
366.000,13536.0000,0.68160,1
367.000,13536.0000,0.68160,1
368.000,13504.0000,0.67999,1
369.000,13552.0000,0.68241,1
370.000,13536.0000,0.68160,1
371.000,13520.0000,0.68080,1
372.000,13520.0000,0.68080,1
373.000,13520.0000,0.68080,1
374.000,13520.0000,0.68080,1
375.000,13504.0000,0.67999,1
376.000,13456.0000,0.67757,1
377.000,13504.0000,0.67999,1
378.000,13488.0000,0.67919,1
379.000,13552.0000,0.68241,1
380.000,13536.0000,0.68160,1
381.000,13552.0000,0.68241,1
382.000,13472.0000,0.67838,1
383.000,13488.0000,0.67919,1
384.000,13520.0000,0.68080,1
385.000,13584.0000,0.68402,1
386.000,13568.0000,0.68321,1
387.000,13520.0000,0.68080,1
388.000,13504.0000,0.67999,1
389.000,13536.0000,0.68160,1
390.000,13536.0000,0.68160,1
391.000,13504.0000,0.67999,1
392.000,13632.0000,0.68644,1
393.000,13488.0000,0.67919,1
394.000,13520.0000,0.68080,1
395.000,13536.0000,0.68160,1
396.000,13488.0000,0.67919,1
397.000,13552.0000,0.68241,1
398.000,13520.0000,0.68080,1
399.000,13488.0000,0.67919,1
400.000,13488.0000,0.67919,1
401.000,13472.0000,0.67838,1
402.000,13504.0000,0.67999,1
403.000,13472.0000,0.67838,1
404.000,13520.0000,0.68080,1
405.000,13504.0000,0.67999,1
406.000,13536.0000,0.68160,1
407.000,13504.0000,0.67999,1
408.000,13488.0000,0.67919,1
409.000,13536.0000,0.68160,1
410.000,13520.0000,0.68080,1
411.000,13488.0000,0.67919,1
412.000,13472.0000,0.67838,1
413.000,13504.0000,0.67999,1
414.000,13520.0000,0.68080,1
415.000,13488.0000,0.67919,1
416.000,13488.0000,0.67919,1
417.000,13520.0000,0.68080,1
418.000,13456.0000,0.67757,1
419.000,13536.0000,0.68160,1
420.000,13504.0000,0.67999,1
421.000,13488.0000,0.67919,1
422.000,13488.0000,0.67919,1
# LED OFF
423.000,512.0000,0.02578,0
424.000,512.0000,0.02578,0
425.000,512.0000,0.02578,0
426.000,560.0000,0.02820,0
427.000,496.0000,0.02498,0
428.000,560.0000,0.02820,0
429.000,448.0000,0.02256,0
430.000,496.0000,0.02498,0
431.000,464.0000,0.02336,0
# LED ON
432.000,9488.0000,0.47777,1
433.000,9264.0000,0.46649,1
434.000,9392.0000,0.47293,1
435.000,9152.0000,0.46085,1
436.000,9296.0000,0.46810,1
437.000,9600.0000,0.48341,1
438.000,9360.0000,0.47132,1
# LED OFF
439.000,512.0000,0.02578,0
440.000,480.0000,0.02417,0
# LED ON
441.000,9056.0000,0.45601,1
442.000,9504.0000,0.47857,1
443.000,9344.0000,0.47051,1
444.000,9312.0000,0.46890,1
445.000,9328.0000,0.46971,1
# LED OFF
# LED ON
446.000,9296.0000,0.46810,1
447.000,9424.0000,0.47454,1
448.000,9424.0000,0.47454,1
449.000,9152.0000,0.46085,1
450.000,9312.0000,0.46890,1
451.000,9360.0000,0.47132,1
452.000,9520.0000,0.47938,1
# LED OFF
453.000,512.0000,0.02578,0
454.000,528.0000,0.02659,0
455.000,496.0000,0.02498,0
456.000,496.0000,0.02498,0
457.000,512.0000,0.02578,0
458.000,528.0000,0.02659,0
# LED ON
459.000,13632.0000,0.68644,1
460.000,13632.0000,0.68644,1
461.000,13616.0000,0.68563,1
462.000,13632.0000,0.68644,1
463.000,13632.0000,0.68644,1
464.000,13664.0000,0.68805,1
465.000,13616.0000,0.68563,1
466.000,13616.0000,0.68563,1
467.000,13648.0000,0.68724,1
468.000,13600.0000,0.68482,1
469.000,13600.0000,0.68482,1
470.000,13600.0000,0.68482,1
471.000,13632.0000,0.68644,1
472.000,13536.0000,0.68160,1
473.000,13600.0000,0.68482,1
474.000,13616.0000,0.68563,1
475.000,13616.0000,0.68563,1
476.000,13632.0000,0.68644,1
477.000,13568.0000,0.68321,1
478.000,13552.0000,0.68241,1
# LED OFF
479.000,544.0000,0.02739,0
480.000,496.0000,0.02498,0
481.000,496.0000,0.02498,0
482.000,480.0000,0.02417,0
483.000,496.0000,0.02498,0
484.000,464.0000,0.02336,0
485.000,512.0000,0.02578,0
486.000,496.0000,0.02498,0
487.000,512.0000,0.02578,0
488.000,512.0000,0.02578,0
489.000,496.0000,0.02498,0
490.000,512.0000,0.02578,0
# LED ON
491.000,13632.0000,0.68644,1
492.000,13584.0000,0.68402,1
493.000,13600.0000,0.68482,1
494.000,13600.0000,0.68482,1
495.000,13584.0000,0.68402,1
496.000,13616.0000,0.68563,1
497.000,13600.0000,0.68482,1
498.000,13632.0000,0.68644,1
499.000,13616.0000,0.68563,1
500.000,13584.0000,0.68402,1
501.000,13600.0000,0.68482,1
502.000,13584.0000,0.68402,1
503.000,13536.0000,0.68160,1
504.000,13632.0000,0.68644,1
# LED OFF
505.000,464.0000,0.02336,0
506.000,528.0000,0.02659,0
507.000,496.0000,0.02498,0
508.000,544.0000,0.02739,0
509.000,528.0000,0.02659,0
510.000,432.0000,0.02175,0
511.000,480.0000,0.02417,0
512.000,464.0000,0.02336,0
513.000,512.0000,0.02578,0
514.000,480.0000,0.02417,0
515.000,496.0000,0.02498,0
516.000,464.0000,0.02336,0
517.000,512.0000,0.02578,0
518.000,528.0000,0.02659,0
519.000,496.0000,0.02498,0
520.000,512.0000,0.02578,0
521.000,512.0000,0.02578,0
522.000,480.0000,0.02417,0
523.000,512.0000,0.02578,0
524.000,464.0000,0.02336,0
525.000,512.0000,0.02578,0
526.000,512.0000,0.02578,0
527.000,512.0000,0.02578,0
528.000,496.0000,0.02498,0
529.000,496.0000,0.02498,0
530.000,528.0000,0.02659,0
531.000,496.0000,0.02498,0
532.000,464.0000,0.02336,0
533.000,544.0000,0.02739,0
534.000,480.0000,0.02417,0
535.000,544.0000,0.02739,0
536.000,464.0000,0.02336,0
537.000,464.0000,0.02336,0
538.000,480.0000,0.02417,0
539.000,544.0000,0.02739,0
540.000,448.0000,0.02256,0
541.000,544.0000,0.02739,0
542.000,512.0000,0.02578,0
543.000,496.0000,0.02498,0
544.000,512.0000,0.02578,0
545.000,528.0000,0.02659,0
546.000,528.0000,0.02659,0
547.000,528.0000,0.02659,0
548.000,544.0000,0.02739,0
549.000,496.0000,0.02498,0
550.000,528.0000,0.02659,0
551.000,480.0000,0.02417,0
552.000,512.0000,0.02578,0
553.000,496.0000,0.02498,0
554.000,512.0000,0.02578,0
555.000,512.0000,0.02578,0
556.000,576.0000,0.02900,0
557.000,496.0000,0.02498,0
558.000,480.0000,0.02417,0
559.000,496.0000,0.02498,0
560.000,480.0000,0.02417,0
561.000,544.0000,0.02739,0
562.000,480.0000,0.02417,0
563.000,464.0000,0.02336,0
564.000,496.0000,0.02498,0
565.000,512.0000,0.02578,0
566.000,624.0000,0.03142,0
567.000,576.0000,0.02900,0
568.000,496.0000,0.02498,0
569.000,528.0000,0.02659,0
570.000,496.0000,0.02498,0
571.000,480.0000,0.02417,0
572.000,496.0000,0.02498,0
573.000,464.0000,0.02336,0
574.000,480.0000,0.02417,0
575.000,480.0000,0.02417,0
576.000,528.0000,0.02659,0
577.000,496.0000,0.02498,0
578.000,496.0000,0.02498,0
579.000,496.0000,0.02498,0
580.000,480.0000,0.02417,0
581.000,512.0000,0.02578,0
582.000,496.0000,0.02498,0
583.000,560.0000,0.02820,0
584.000,512.0000,0.02578,0
585.000,512.0000,0.02578,0
# LED ON
586.000,13552.0000,0.68241,1
587.000,13632.0000,0.68644,1
588.000,13648.0000,0.68724,1
589.000,13616.0000,0.68563,1
# LED OFF
590.000,480.0000,0.02417,0
591.000,528.0000,0.02659,0
592.000,480.0000,0.02417,0
593.000,480.0000,0.02417,0
594.000,544.0000,0.02739,0
595.000,512.0000,0.02578,0
# LED ON
596.000,13744.0000,0.69208,1
597.000,13696.0000,0.68966,1
598.000,13728.0000,0.69127,1
599.000,13744.0000,0.69208,1
600.000,13696.0000,0.68966,1
# LED OFF
601.000,480.0000,0.02417,0
602.000,496.0000,0.02498,0
603.000,528.0000,0.02659,0
604.000,496.0000,0.02498,0
605.000,480.0000,0.02417,0
606.000,480.0000,0.02417,0
607.000,480.0000,0.02417,0
608.000,512.0000,0.02578,0
609.000,496.0000,0.02498,0
610.000,480.0000,0.02417,0
611.000,512.0000,0.02578,0
612.000,496.0000,0.02498,0
613.000,480.0000,0.02417,0
614.000,512.0000,0.02578,0
615.000,512.0000,0.02578,0
616.000,448.0000,0.02256,0
617.000,512.0000,0.02578,0
618.000,528.0000,0.02659,0
619.000,480.0000,0.02417,0
620.000,496.0000,0.02498,0
621.000,464.0000,0.02336,0
622.000,496.0000,0.02498,0
623.000,496.0000,0.02498,0
624.000,496.0000,0.02498,0
625.000,480.0000,0.02417,0
626.000,464.0000,0.02336,0

